<?xml version="1.0"?>
<core>
  <sys>
    <idiv>BbX4LB1UcZY832309410189158</idiv>
    <idevideo>BbX4LB1UcZY</idevideo>
    <title> Correção da Prova do Banco do Brasil 2014 - CESGRANRIO - Matemática Financeira - Diogo Miranda</title>
    <author>Comunidade-BR</author>
    <description> Equipe Aula Móvel realiza a correção da prova do concurso do Banco do Brasil 2014, elaborada pela CESGRANRIO..</description>
    <keywords></keywords>
  </sys>
  <db>
    <type>mysql</type>
    <host>localhost</host>
    <user>quser</user>
    <password>quser</password>
    <database>mukeka</database>
  </db>
</core>