<?xml version="1.0"?>
<core>
  <sys>
    <idiv>gx-NLPH8JeM00000000001h</idiv>
    <idevideo>gx-NLPH8JeM</idevideo>
    <title> &#34;Little Superstar&#34;</title>
    <author>Comunidade-BR</author>
    <description> dancing litte superstar with our big superstar!!!he dance like usher!!yeah!!.</description>
    <keywords></keywords>
  </sys>
  <db>
    <type>mysql</type>
    <host>localhost</host>
    <user>quser</user>
    <password>quser</password>
    <database>mukeka</database>
  </db>
</core>