<?xml version="1.0"?>
<core>
  <sys>
    <idiv>lSzzrrF-dhs832309410189158</idiv>
    <idevideo>lSzzrrF-dhs</idevideo>
    <title> Comentário da prova do concurso Banco do Brasil 2014 - CESGRANRIO - Língua Portuguesa - Diego Amorim</title>
    <author>Comunidade-BR</author>
    <description> Equipe Aula Móvel realiza a correção da prova do concurso do Banco do Brasil 2014, elaborada pela CESGRANRIO..</description>
    <keywords></keywords>
  </sys>
  <db>
    <type>mysql</type>
    <host>localhost</host>
    <user>quser</user>
    <password>quser</password>
    <database>mukeka</database>
  </db>
</core>